"At1","At2","Class"
-0.386,1.5,0
0.659,1.07,0
0.245,-0.681,0
1.22,0.423,0
-1.73,0.87,0
0.483,-1.23,0
0.362,1.59,0
-0.369,-1.14,0
1.29,0.152,0
0.314,1.54,0
0.44,-0.778,0
0.196,1.08,0
-0.526,1.26,0
-1.21,-1.22,0
-0.239,-1.17,0
1.11,0.989,0
-1.04,0.984,0
0.568,0.244,0
-0.0192,-1.03,0
-0.765,-1.13,0
-0.755,-1.09,0
1.09,1.21,0
-0.753,-1.08,0
-1.42,1.13,0
0.247,-0.9,0
0.572,-1.24,0
-0.85,0.963,0
-0.619,-0.748,0
-1.16,1.03,0
1.23,-0.0997,0
-0.879,-0.975,0
0.638,1.11,0
0.00356,1.87,0
0.0878,-1.08,0
-0.248,-1.69,0
-0.509,-0.824,0
-0.44,1.22,0
-0.109,-1.32,0
-0.882,1.29,0
-1.59,0.763,0
-0.865,1.6,0
-0.455,0.868,0
0.0935,2.1,0
-0.794,1.07,0
-0.0527,-0.746,0
-1.03,1.01,0
0.831,1.35,0
1.1,0.604,0
0.335,1.95,0
-0.295,-1.22,0
-0.497,1.07,0
-0.467,1.3,0
1.57,0.483,0
0.272,-1.12,0
-0.861,-0.862,0
-1.87,0.373,0
-0.0874,-1.07,0
0.523,-1.38,0
-0.614,-1.43,0
0.179,-1.04,0
-0.989,0.48,0
-0.144,-1.03,0
0.384,2.15,0
1.66,-0.402,0
-1.53,0.658,0
0.4,-1.39,0
1.03,1.29,0
-2.6,0.217,0
-0.819,-0.943,0
0.67,0.784,0
-0.262,1.28,0
0.512,-1.34,0
-0.853,-1.17,0
1.49,-0.156,0
-1.67,0.88,0
0.0066,-0.994,0
0.303,-1.35,0
-0.653,-0.734,0
1.24,0.908,0
1.04,0.816,0
0.34,-1.03,0
0.202,-1.17,0
1.12,0.822,0
-0.536,-0.814,0
0.0652,-0.766,0
1.29,-0.391,0
0.195,-1.27,0
1.09,1.03,0
0.137,1.69,0
1.57,-0.566,0
1.21,-0.132,0
-0.218,-1.05,0
0.449,0.648,0
1.78,-0.508,0
0.371,-1.23,0
0.422,2.33,0
1.03,0.766,0
1.55,-0.466,0
0.742,0.744,0
-1.02,0.968,0
-0.799,1.11,0
1.66,-0.384,0
-0.148,1.6,0
-1.4,0.475,0
-0.123,1.86,0
-1.32,1.1,0
-0.516,-0.935,0
0.832,0.442,0
-0.953,1.06,0
0.254,-0.862,0
0.1,-1.48,0
-0.594,-1.21,0
1.68,-0.32,0
-0.0263,-1.35,0
-0.904,0.953,0
0.855,0.959,0
-1.53,0.679,0
-1.59,0.913,0
0.81,1.93,0
-1.39,0.862,0
-0.218,2.09,0
1.34,0.274,0
-0.836,0.959,0
0.258,-0.85,0
-0.346,-1.5,0
1.13,1.48,0
0.431,-1.56,0
-1.42,0.275,0
0.235,-1.05,0
-1.84,0.0932,0
0.973,0.653,0
0.715,1.3,0
-0.573,-0.88,0
1.08,0.79,0
-0.0681,-1.24,0
-0.581,-1.27,0
0.198,-1.19,0
-0.0701,-1.23,0
0.22,-0.867,0
-0.366,-0.882,0
1.63,-0.43,0
-0.376,-0.975,0
1.47,0.486,0
0.716,0.487,0
-0.666,-1.34,0
0.265,-1.06,0
0.369,1.69,0
-0.826,-0.966,0
0.785,0.173,0
-1.08,-1.17,0
0.592,0.973,0
0.849,0.907,0
-0.0545,-1.45,0
-0.698,-1.26,0
1,-0.0347,0
-0.886,-1.27,0
-0.674,0.842,0
-2.37,-0.01,0
0.818,0.845,0
0.288,1.62,0
-0.534,-1.23,0
1.13,1.07,0
-0.43,-1.4,0
-0.542,0.918,0
0.0114,1.66,0
0.121,1.63,0
-0.507,1.24,0
1.08,0.437,0
-1.28,0.72,0
0.685,0.546,0
-0.478,-0.796,0
-0.325,-1.32,0
-0.689,-1.45,0
1.45,0.273,0
0.969,0.921,0
-1.74,0.367,0
-0.499,-0.858,0
0.354,-1.19,0
1.1,0.458,0
0.764,0.469,0
-1.94,0.598,0
1.16,1.05,0
0.682,-0.146,0
0.924,0.701,0
-0.0237,-1,0
0.507,1.02,0
0.835,-0.0137,0
0.496,1.52,0
-1.01,1.07,0
1.46,-0.0465,0
2.14,-0.453,0
1.39,0.155,0
-0.58,-1.09,0
-1.28,0.559,0
-1,-0.885,0
1.29,-0.499,0
0.976,1.24,0
-0.106,-0.933,0
1.32,0.218,0
-0.285,1.39,0
-1.02,-1.43,0
2.06,-0.893,0
-0.59,-1.04,0
-3.09,-0.832,0
-0.104,-1.15,0
-0.893,-1.27,0
1.33,-0.0673,0
0.444,1.99,0
1.34,-0.689,0
-1,-1.22,0
0.811,1.07,0
-0.803,1.25,0
-1.51,0.384,0
0.801,1.14,0
-0.824,1.1,0
-0.021,-1.09,0
-0.93,0.758,0
-0.597,-1.6,0
-0.0341,-1.07,0
-0.532,0.978,0
-0.754,1.1,0
-1.03,1.18,0
-0.777,-1.33,0
-0.162,-1.24,0
-0.509,-0.932,0
0.854,1.15,0
-0.101,-0.765,0
0.499,-1.17,0
0.745,0.366,0
2.2,-0.665,0
1.18,0.424,0
-1.63,0.293,0
-0.202,1.64,0
-0.461,-1.07,0
0.272,-1.6,0
0.917,0.231,0
1.14,-0.0771,0
0.632,1.74,0
1.05,-0.23,0
1.38,0.131,0
1.29,-0.12,0
0.52,1.21,0
-0.163,-0.759,0
-1.68,1.08,0
-0.625,-0.675,0
-0.139,-1.26,0
1.27,0.589,0
0.247,-1.28,0
0.0533,-1.02,0
0.0538,-1.01,0
1.18,0.08,0
-1.2,0.932,0
-0.639,-1.04,0
0.721,0.731,0
-1.06,-1.07,0
-0.555,-1.02,0
-0.223,-1.28,0
-0.37,1.48,0
1.85,-0.377,0
-0.177,1.51,0
0.273,1.68,0
-0.0819,1.64,0
-0.476,-1.49,0
-0.634,1.21,0
-0.566,-1.62,0
-0.0242,-1.28,0
-1.01,-1.36,0
0.017,-1.26,0
0.104,-1.04,0
-0.0785,-1.16,0
1.59,-0.378,0
1.14,-0.0829,0
0.469,1.91,0
-1.54,0.643,0
-0.768,-1.04,0
-2.41,0.26,0
-0.806,0.941,0
0.0951,-1.39,0
1.21,0.197,0
-0.242,-1.47,0
1.4,0.855,0
-0.678,-1.32,0
-0.652,1.14,0
-0.31,-1.27,0
-0.0303,2.11,0
1.3,0.555,0
1.08,0.925,0
-0.0203,-1.42,0
2.03,-0.427,0
0.0179,-1.01,0
-0.945,-1.43,0
-0.526,1.19,0
-0.421,-0.731,0
0.809,0.741,0
-0.357,1.51,0
1.93,-0.842,0
-0.8,-1.38,0
-0.712,-1.1,0
1.52,0.795,0
-0.0338,1.52,0
0.395,-1.04,0
1.7,0.0023,0
1.02,0.997,0
1.36,0.86,0
-0.709,-0.942,0
1.71,-0.945,0
0.484,-1.3,0
0.489,0.904,0
2.22,-2.04,0
1.3,-0.028,0
-0.207,-0.745,0
0.446,-1.07,0
0.329,1.11,0
-0.347,-1.5,0
1.05,0.776,0
0.598,0.484,0
-1.31,-0.903,0
0.372,1.6,0
0.523,1.05,0
0.819,0.546,0
1.35,-0.461,0
-1.48,0.74,0
-0.231,-0.75,0
1.04,0.93,0
-0.836,-1.36,0
1.55,0.482,0
1.42,-0.656,0
-0.974,-1.43,0
1.46,-0.14,0
-1.17,1.08,0
0.975,1.48,0
0.415,1.8,0
0.0284,1.62,0
0.551,0.921,0
-0.96,0.644,0
-2.32,0.0861,0
-0.226,-1.09,0
1.43,-0.366,0
0.294,-1.5,0
-0.372,-1.11,0
0.0296,1.2,0
-0.0381,-0.791,0
-0.315,-1.3,0
0.577,0.628,0
0.335,1.99,0
1.01,0.48,0
0.14,-0.8,0
-1.05,0.72,0
-0.609,-0.917,0
0.683,1.07,0
0.303,-1.18,0
-0.145,1.67,0
0.637,0.984,0
-1.54,0.503,0
-0.265,1.28,0
0.673,1.07,0
-0.353,-0.836,0
1.69,-0.724,0
-0.355,1.28,0
0.123,-1.24,0
0.179,1.87,0
0.0578,-1.32,0
-0.786,-1.02,0
1.3,0.749,0
1.35,-0.177,0
-1.53,1.21,0
-1.53,0.39,0
0.529,0.133,0
-1.96,0.445,0
0.535,1.99,0
0.809,0.942,0
0.805,1.21,0
1.34,-0.261,0
-0.494,-0.719,0
0.196,-0.779,0
0.408,1.16,0
1.18,-0.277,0
-0.259,0.996,0
-1.25,-1.47,0
-0.0347,1.3,0
-0.82,-1.04,0
0.00879,1.47,0
-0.126,-1.67,0
0.0885,-1.22,0
-0.497,-1.29,0
-0.473,-1.55,0
-0.851,0.681,0
0.355,2.08,0
-1.06,0.665,0
0.871,1.29,0
-1.68,0.93,0
-0.828,-0.839,0
-0.405,-1.09,0
-0.869,0.634,0
-0.563,1.29,0
-0.124,-1.27,0
-1.43,1.25,0
-0.383,-1.04,0
0.127,1.22,0
1.71,-0.225,0
-0.803,-1.09,0
-0.704,0.71,0
1.23,-0.115,0
0.0608,-1.23,0
-0.305,1.18,0
0.915,1.15,0
1.04,0.563,0
-1.01,0.768,0
-0.972,-1.06,0
0.166,-1.25,0
0.986,0.843,0
1.57,-0.0908,0
-0.625,-1.14,0
0.983,0.611,0
1.41,0.319,0
-0.107,-1.5,0
2.34,-1.25,0
-0.435,-1.53,0
-1.04,1.04,0
-1.21,1.19,0
-0.395,-0.756,0
1.05,0.472,0
1.14,0.212,0
-1.35,1.32,0
-0.655,-1.44,0
1.15,0.243,0
-0.294,-1.54,0
-0.625,1.38,0
1.53,0.0838,0
0.238,-1.51,0
-0.667,-0.895,0
0.477,1.83,0
-0.258,-1.06,0
-0.134,-1.1,0
-0.753,-1.25,0
1.15,0.329,0
1.22,-0.0172,0
0.265,1.4,0
-1.55,0.695,0
-0.25,-1.23,0
-0.246,-0.739,0
1.26,0.799,0
-1.78,0.819,0
-0.984,1.03,0
1.3,0.648,0
0.204,-1.29,0
1.18,0.507,0
0.615,0.375,0
0.784,0.972,0
1.29,0.283,0
-1.62,0.593,0
-0.897,-0.972,0
0.162,-0.791,0
-0.145,1.65,0
-0.621,-1.12,0
-1.82,0.885,0
-1.63,0.101,0
0.592,1.15,0
0.698,0.784,0
-1.04,1.19,0
0.545,1.28,0
-1.34,0.824,0
0.127,1.94,0
-0.195,1.31,0
0.599,1.14,0
0.522,1.46,0
0.0762,-1.27,0
1.35,0.472,0
-0.269,-1.47,0
1.41,0.9,0
-0.595,1.09,0
-0.958,0.536,0
1.17,0.868,0
-0.204,-1.54,0
0.932,0.501,0
-0.843,-1.08,0
-0.932,-1.02,0
0.686,1.2,0
1.17,0.511,0
-2.77,0.0962,0
0.494,-1.01,0
1.28,0.902,0
1.03,-0.0835,0
-0.269,1.37,0
-1.26,-0.912,0
1.29,0.622,0
1.72,-0.259,0
-0.35,-1.49,0
0.753,0.781,0
0.0182,1.68,0
-0.178,-1.15,0
-1.02,0.883,0
-0.756,-0.679,0
1.17,0.407,0
-0.515,0.976,0
1.07,0.0877,0
-0.214,1.58,0
-0.527,0.887,0
-1.49,0.885,0
-1.69,0.706,0
1.74,0.577,0
1.21,0.354,0
0.291,-0.795,0
1.54,-0.26,0
1.22,-0.106,0
-0.254,-0.932,0
1.35,-0.518,0
0.974,0.877,0
-0.821,-1.44,0
-0.64,-0.939,0
0.974,0.898,0
0.233,-1.29,0
-1.21,0.778,0
-1.41,0.894,0
0.89,0.864,0
0.0496,-1.05,0
0.163,-1.13,0
-2.13,0.678,0
-0.956,-0.77,0
-0.115,-0.719,0
-0.638,-0.752,0
-0.0685,0.931,0
-1.1,-1.13,0
-0.36,-1.28,0
-0.734,0.881,0
0.157,-0.934,0
1.29,1.07,0
1.09,0.155,0
0.518,1.41,0
-1.6,0.632,0
0.669,0.98,0
0.961,0.454,0
0.54,-1.26,0
-0.994,1.14,0
-0.171,-1.09,0
0.428,-1.43,0
0.648,1.41,0
0.661,1.2,0
-1.43,0.707,0
0.361,0.931,0
-0.436,1.86,0
-1.33,0.719,0
-0.206,-1.15,0
1.57,0.171,0
0.676,0.925,0
-0.266,-1.2,0
0.479,1.48,0
-0.855,1.44,0
-0.634,-1.15,0
-0.901,-1.56,0
-1.06,1.03,0
1.55,-0.0305,0
-0.803,-0.705,0
-0.621,1.11,0
0.981,0.532,0
0.275,1.18,0
-0.0782,-1.1,0
-0.624,1.75,0
0.199,-0.86,0
1.15,0.634,0
-1.1,0.737,0
0.208,-1.21,0
0.174,1.92,0
-1.3,0.867,0
1.34,0.32,0
-0.9,0.858,0
0.155,1.88,0
-0.542,-0.739,0
1.12,1.14,0
-0.717,1,0
1.7,0.157,0
0.33,-1.48,0
-0.772,0.933,0
0.126,-0.865,0
-0.298,-1.26,0
0.732,0.493,0
-1.46,1.2,0
-0.717,1.23,0
-1.6,0.788,0
-1.4,1.19,0
-1.67,1.1,0
-0.435,-1.08,0
-1.52,0.497,0
-0.151,1.66,0
0.908,0.127,0
0.291,1.34,0
0.923,0.933,0
0.933,0.716,0
-0.419,1.4,0
-0.803,-0.782,0
-0.981,-1.04,0
1.03,0.28,0
-0.412,-0.689,0
0.952,0.836,0
1.67,0.0877,0
-0.621,1.52,0
0.198,-1.41,0
1.22,-0.0466,0
0.82,1.83,0
1.19,-0.404,0
1.14,0.647,0
-0.0461,1.65,0
-0.583,-1.05,0
-0.366,-1.52,0
-0.00626,-0.959,0
1.81,-0.218,0
1.14,0.607,0
0.85,0.726,0
-0.367,-1.04,0
-0.599,1.25,0
0.725,1.39,0
-0.683,1.38,0
1.98,-0.0252,0
1,0.654,0
0.877,0.161,0
0.513,1.5,0
0.518,1.7,0
-0.0397,-1.09,0
1.63,0.0545,0
0.637,1.25,0
0.863,0.765,0
-0.921,-1.19,0
2.06,-0.482,0
-0.265,1.71,0
0.351,-1.42,0
0.105,-1.67,0
0.447,0.92,0
-0.31,-1.38,0
-0.18,-0.639,0
0.21,-1.26,0
-0.769,-1.46,0
0.139,-0.762,0
0.191,-1.29,0
-1.12,0.699,0
-1.09,0.531,0
-0.45,-1.59,0
1.43,0.484,0
1.27,-0.441,0
1.28,0.373,0
0.917,0.525,0
-0.592,-1.17,0
1.19,0.309,0
-0.153,-1.2,0
-0.827,1.23,0
-0.343,-1.39,0
0.424,-0.84,0
-0.392,-1.27,0
1.27,-0.685,0
-0.506,-1.2,0
-0.128,-1.14,0
-1.58,0.456,0
-0.334,-1.34,0
-1.23,-0.977,0
-0.152,-0.669,0
1.95,-1.02,0
-0.626,-1.18,0
-0.918,1.13,0
1.44,0.276,0
1.74,0.195,0
1.08,-0.628,0
1.47,-0.0839,0
-0.717,-1.03,0
0.431,0.266,0
0.196,1.27,0
-0.874,0.922,0
1.62,0.0564,0
1.24,0.342,0
0.63,-1.23,0
1.57,-0.389,0
-0.0789,-1.35,0
-0.965,-0.978,0
1.24,0.608,0
1.42,-0.0465,0
0.364,-0.858,0
-2.01,0.439,0
-0.591,-1.08,0
-0.593,1.28,0
1.42,0.374,0
-0.731,-0.906,0
-1.52,0.946,0
0.407,1.8,0
-0.567,-1.14,0
1.39,-0.498,0
-1.25,-1.28,0
1.39,-0.218,0
0.321,1.58,0
-0.398,-1.28,0
-1.58,0.272,0
-1.77,1.01,0
0.595,0.429,0
0.395,0.0856,0
-1.69,-0.175,0
-0.12,-1.22,0
-0.214,-1.27,0
0.904,1.04,0
1.26,0.144,0
0.0966,-1.06,0
1.17,0.426,0
-1.06,0.917,0
0.56,1.18,0
1.41,-0.447,0
-0.447,-1,0
-0.982,-1.08,0
0.206,1.19,0
-1.1,0.817,0
-0.141,-0.797,0
0.462,1.89,0
0.26,-1.17,0
-0.753,1.18,0
-0.618,-1.2,0
1.24,-0.145,0
-0.192,1.66,0
-1.02,0.619,0
0.237,-1.26,0
-0.301,1.69,0
0.56,0.491,0
-0.581,-1.34,0
-0.188,-0.998,0
-0.807,1.12,0
-0.882,-0.726,0
-0.379,-1.6,0
1.14,0.148,0
-0.276,1.05,0
0.615,0.558,0
-0.768,-0.909,0
-0.0184,-1.13,0
0.102,-1.36,0
-0.117,1.47,0
0.484,1.04,0
0.902,0.947,0
0.0852,-0.852,0
0.677,1.03,0
1.92,0.0429,0
0.802,0.133,0
1.11,0.0482,0
-0.299,-1.4,0
-1.07,1.16,0
-0.784,1.81,0
0.933,1.21,0
0.724,0.417,0
-0.449,1.04,0
-0.859,1.26,0
0.344,1.49,0
1.04,0.779,0
0.268,1.14,0
1.31,0.17,0
-0.394,1.39,0
-1.46,0.594,0
1.38,1.27,0
-0.794,1.24,0
1.72,0.0291,0
-0.357,-0.944,0
-0.678,1.6,0
-0.508,1.48,0
1.07,0.457,0
-1.32,1.12,0
-1.37,0.928,0
1.01,0.397,0
-0.878,-1.46,0
1.38,0.583,0
1.05,0.651,0
-0.00264,-1.02,0
0.505,1.45,0
-0.292,1.32,0
0.217,-1.21,0
-0.558,-1.73,0
0.659,0.913,0
0.212,1.81,0
-0.68,1.68,0
0.685,1.69,0
1.14,-0.114,0
0.952,0.427,0
-0.239,-0.848,0
-0.815,1.18,0
0.498,0.567,0
-0.742,-1.02,0
-0.524,-1.09,0
-0.723,0.633,0
0.149,1.98,0
1.75,0.016,0
-0.514,-1.21,0
0.0899,-1.09,0
-1.74,0.254,0
1.16,0.598,0
1.19,0.19,0
0.0194,-1.13,0
1.16,0.654,0
-1.6,0.682,0
-0.432,-1.34,0
0.712,0.837,0
-0.941,0.976,0
-0.75,1.14,0
-0.468,-1.17,0
0.781,0.911,0
-0.0567,-1.41,0
-0.487,-1.13,0
-0.901,-1.68,0
-0.833,-1.23,0
-1.01,-1.23,0
0.308,-0.913,0
-0.791,-1.43,0
0.88,-0.241,0
-0.636,1.72,0
-0.309,1.16,0
0.893,0.345,0
-0.869,0.625,0
1.45,0.211,0
-1.8,0.529,0
1.01,0.677,0
0.866,0.612,0
-0.892,1.25,0
-0.835,-1.06,0
0.918,0.82,0
-0.415,1.48,0
1.3,0.739,0
-0.766,1.06,0
0.328,0.553,0
0.318,-0.87,0
1.52,0.409,0
-0.445,-1.24,0
-0.396,-1.38,0
0.8,1.56,0
-0.524,-0.857,0
0.582,0.232,0
-1.77,0.457,0
-0.0406,2.09,0
-0.733,-1.34,0
1.26,0.462,0
1.07,0.573,0
-0.758,-1.21,0
-0.827,-0.757,0
-0.819,1.26,0
-0.0547,-1.06,0
0.857,0.875,0
1.09,0.614,0
-0.486,-1.62,0
-0.688,-1.14,0
-0.779,-1.14,0
0.393,1.64,0
1.18,0.614,0
-0.155,1.29,0
0.0529,1.52,0
-0.463,-1.2,0
0.235,-1.06,0
0.0125,-0.665,0
-1.01,-1.53,0
0.335,1.15,0
2.01,-0.695,0
-1.19,-0.939,0
1.29,0.644,0
-0.0633,-0.699,0
-1.99,0.549,0
1.03,0.0331,0
0.205,-1.28,0
-1.83,0.601,0
-0.726,-1.17,0
0.676,0.892,0
1.27,-0.747,0
0.733,0.926,0
0.529,1.62,0
0.651,0.744,0
0.497,1.27,0
0.417,-1.28,0
-2.19,0.0991,0
0.569,1.44,0
-0.0175,-1.21,0
-0.813,-1.23,0
1.58,0.206,0
-0.396,-1.45,0
2.05,-0.105,0
0.353,1.58,0
-0.451,1.7,0
-0.932,-1.15,0
-0.0605,1.65,0
0.513,0.741,0
1.22,1.35,0
-0.0107,-0.96,0
0.0243,-0.719,0
0.888,0.817,0
-0.466,-0.851,0
-0.735,-1.19,0
1.31,0.936,0
-0.0773,-1.22,0
0.247,-0.96,0
1.71,-0.044,0
-1.56,0.514,0
-0.104,-1.09,0
0.41,1.01,0
1.88,0.325,0
-0.324,-1.03,0
0.67,1.15,0
-0.956,1.11,0
0.0432,-1.39,0
-1.64,0.767,0
-0.347,-1.15,0
-0.351,-1,0
-0.496,1.03,0
1.41,0.607,0
-1.14,0.849,0
1.8,0.0607,0
1.01,0.555,0
0.813,1.06,0
-0.00698,-1.15,0
-0.68,-1.07,0
-0.0305,-1.09,0
0.25,-1.1,0
1.9,-0.0565,0
-0.239,-0.619,0
0.391,-1.42,0
-1.54,0.562,0
1.03,-0.191,0
-0.166,-0.986,0
-0.172,-1.31,0
0.417,-1.54,0
-0.45,-0.928,0
0.0967,-1.4,0
-0.855,-1.05,0
-2.07,0.0318,0
-0.463,-1.01,0
-0.967,1.22,0
0.514,1.52,0
-0.617,-1.02,0
0.168,1.7,0
-0.707,-1.43,0
-1.22,1.12,0
0.447,-1.18,0
1.22,1.13,0
0.395,1.21,0
-0.724,-1.48,0
1.4,0.541,0
-0.878,-1.16,0
0.238,1.74,0
-0.652,-1.54,0
0.415,-1,0
-1.12,0.494,0
-0.702,-1.2,0
0.307,-0.678,0
0.571,-1.53,0
-1.12,0.576,0
1.6,0.0487,0
1.82,-0.643,0
1.63,-0.56,0
-0.598,-1.38,0
1.02,0.72,0
-0.0908,-0.846,0
-0.52,1.2,0
-1.02,0.675,0
0.343,-1.14,0
0.661,1.69,0
0.345,-0.891,0
1.02,0.858,0
-0.899,-1.38,0
1.27,-0.159,0
-0.0145,-1.15,0
1.12,0.422,0
1.21,0.227,0
0.44,0.9,0
0.463,-1.28,0
1.21,0.642,0
0.32,-0.998,0
-0.549,1.03,0
-0.434,-1.1,0
-0.0267,-1.09,0
-0.935,1.02,0
-0.0715,1.41,0
-0.539,1.41,0
-0.807,0.992,0
-0.337,1.85,0
0.311,1.68,0
1.5,-0.993,0
-0.651,1.12,0
-0.784,0.969,0
-0.753,1.1,0
0.351,-0.964,0
0.108,-0.769,0
0.379,-0.755,0
-0.88,-1.27,0
-0.048,-1.06,0
-0.739,1.32,0
-0.7,-1.25,0
0.731,1.31,0
1.97,0.041,0
-1.75,0.318,0
0.829,-0.305,0
1.26,0.0903,0
-0.168,1.32,0
1.64,0.513,0
0.176,1.94,0
-0.855,1.22,0
1.49,0.627,0
-0.364,-1.4,0
1.06,0.629,0
0.152,-0.964,0
0.479,-0.821,0
-0.173,1.59,0
-2,-0.0624,0
1.72,-0.448,0
-1.37,0.645,0
0.904,0.97,0
-0.639,1.28,0
1.37,0.219,0
-1.95,0.614,0
-1.36,0.976,0
-0.779,1.09,0
-1.16,-0.641,0
0.0154,-1.41,0
1.31,0.118,0
0.589,0.714,0
-1.01,-1.47,0
-0.402,-1.11,0
-1.37,0.808,0
-0.621,1.16,0
-0.658,-1.31,0
1.31,0.208,0
0.471,1.39,0
-1.57,0.629,0
0.47,1.21,0
-0.413,1.17,0
0.948,0.985,0
-0.499,-0.766,0
0.625,1.67,0
0.0329,1.88,0
1.86,-0.213,0
1.21,-0.271,0
0.143,-0.786,0
1.5,-0.38,0
-1.12,-1.39,0
-0.697,1.35,0
0.627,0.234,0
-2.04,0.131,0
1.35,0.677,0
0.0116,-1.09,0
0.685,2.2,0
1.36,0.482,0
1.25,-0.322,0
-0.666,-1.1,0
0.72,0.989,0
0.983,0.203,0
-0.85,-0.92,0
0.431,-1.33,0
-1.37,0.968,0
-0.375,-1.39,0
-1.55,1.05,0
1.34,0.878,0
0.584,0.679,0
0.835,1.24,0
-0.012,1.42,0
-0.295,-1.27,0
-0.751,-1.37,0
-0.889,-0.884,0
-1.19,1.01,0
0.786,1.31,0
0.409,-1.51,0
-0.745,0.987,0
-1.42,0.83,0
0.698,1.02,0
1.77,0.013,0
1.1,0.74,0
-0.502,-1.04,0
0.108,-1.21,0
0.544,1.41,0
-1.06,-1.24,0
-0.606,-0.997,0
0.465,-1.26,0
-0.487,-1.19,0
1.49,0.365,0
-2.25,0.167,0
-2.06,0.392,0
0.987,0.258,0
1.5,0.0442,0
-0.826,0.682,0
0.312,-1.23,0
0.434,2.19,0
-0.544,-0.831,0
0.611,0.978,0
0.97,1.15,0
-0.75,-0.881,0
0.552,0.942,0
-0.843,1.4,0
1.41,0.0907,0
-1.02,-1.29,0
-0.835,0.671,0
0.0175,1.47,0
1.3,-0.346,0
0.311,1.76,0
0.471,2.03,0
0.751,0.608,0
-0.665,1.23,0
-0.315,-1.09,0
-0.0571,-1.5,0
0.504,1.78,0
0.176,-1.11,0
-0.259,1.34,0
0.728,0.752,0
0.826,1.42,0
0.0643,-1.28,0
-0.527,-1.38,0
0.695,0.651,0
-0.625,1.14,0
-0.638,-1.01,0
-0.421,-1.09,0
-1.34,0.595,0
0.328,1.28,0
-2.06,-0.332,0
-0.137,-1.39,0
-0.0949,-0.821,0
0.179,1.81,0
0.538,-1.39,0
-0.299,-1.14,0
-1.43,1.26,0
1.12,-0.422,0
-1.68,0.398,0
0.996,1.04,0
-0.899,-1.25,0
-0.0882,1.17,0
-1.2,0.92,0
-0.051,-0.972,0
-0.443,1.86,0
-0.238,-1.49,0
0.0131,-0.969,0
-1.1,-1.24,0
-1.29,1.52,0
-0.791,-1.44,0
-0.114,-1.5,0
1.89,-0.633,0
-0.109,-0.884,0
-0.986,-1.27,0
1.07,0.512,0
0.191,1.94,0
-0.149,-1.2,0
-0.918,1.44,0
-0.855,-1.33,0
-0.824,0.858,0
-1.25,-1.1,0
0.341,-1.43,0
0.217,-0.961,0
0.909,0.118,0
1.83,0.452,0
-1.21,0.488,0
0.554,1.19,0
0.386,-0.997,0
1.35,0.229,0
0.365,0.632,0
1.16,-0.254,0
0.272,0.813,0
-0.27,-1.28,0
-0.42,1.11,0
-0.758,0.794,0
0.735,0.932,0
-0.677,-1.41,0
-0.0677,1.74,0
0.935,0.556,0
-0.834,1.48,0
-1.25,0.985,0
-0.954,0.848,0
-0.84,-1.16,0
-0.961,1,0
-0.786,-1.33,0
1,1.17,0
0.551,1.48,0
0.35,1.22,0
-0.639,-1.37,0
0.423,1.74,0
1.21,0.0512,0
1.52,0.356,0
0.957,0.0986,0
0.941,1.46,0
-0.876,0.92,0
-0.834,1.41,0
0.314,-1.25,0
-1.55,0.588,0
-0.338,-1.33,0
0.538,-1.25,0
-0.137,1.44,0
0.275,-0.987,0
1.05,0.768,0
-0.55,-1.07,0
-0.124,-0.95,0
-0.235,-1.22,0
0.37,1.03,0
-0.0723,-1.08,0
-0.529,-1.22,0
0.375,1.27,0
-0.439,1.37,0
-1.85,0.545,0
-0.79,-0.823,0
0.284,2.31,0
-0.741,0.979,0
0.553,1.54,0
-1.18,0.862,0
-1.17,0.586,0
-1.52,0.388,0
-0.772,-1.38,0
-0.118,-1.26,0
-1.39,1.09,0
0.604,0.555,0
0.0604,1.64,0
-1.59,0.322,0
-0.588,-1.35,0
-0.83,-1.08,0
-0.0541,-1.31,0
-0.816,0.562,0
-0.397,-1.1,0
-0.522,-1.34,0
0.833,0.653,0
1.19,0.997,0
-0.632,1.35,0
-0.922,0.533,0
-0.046,1.51,0
1.11,-0.106,0
1.22,0.541,0
-0.337,1.66,0
0.249,-1.46,0
1.11,0.205,0
0.152,1.53,0
-0.122,-0.808,0
0.987,0.858,0
-1.2,-1.02,0
0.177,-1.37,0
-0.654,-0.999,0
1.53,0.368,0
-0.158,-1.08,0
-1.42,0.728,0
0.941,1.16,0
-0.175,-0.946,0
-0.53,-0.944,0
-0.467,-0.945,0
1.02,0.729,0
0.792,0.988,0
-0.693,1.28,0
-0.0659,-1.33,0
1.11,0.57,0
1.01,0.865,0
0.802,1.21,0
-0.109,-1.25,0
1.35,0.657,0
-0.0143,1.55,0
1.02,0.44,0
-0.663,-1.47,0
-0.148,-1.37,0
1.2,0.361,0
-0.959,1.08,0
-0.513,1.29,0
0.309,-1.03,0
0.262,-0.673,0
0.299,1.49,0
-0.606,3.19,0
0.404,-1.1,0
-1.14,0.693,0
0.16,-1.4,0
1.06,0.266,0
-0.433,-1.13,0
1.07,1.53,0
-0.607,-1.6,0
0.308,-1.06,0
0.752,1.58,0
-0.865,-1.1,0
0.569,1.15,0
0.58,1.17,0
0.0128,1.29,0
0.909,0.522,0
0.244,1.42,0
-1.15,0.729,0
-0.83,0.993,0
-0.926,0.916,0
1.29,0.677,0
-0.992,1.4,0
0.066,-1.23,0
1.19,-0.278,0
1.08,0.72,0
-0.718,-1.25,0
-1.45,0.377,0
0.672,1.57,0
-1.33,0.897,0
-1.94,0.832,0
-1.01,-1.29,0
-0.127,-1.33,0
0.359,1.52,0
1.27,0.301,0
1.22,1.04,0
-0.276,-1.19,0
0.504,0.0752,0
1.72,-0.793,0
0.926,0.972,0
-0.961,0.755,0
0.602,1.06,0
0.196,-1.71,0
-0.298,-0.823,0
0.586,0.402,0
1.5,0.541,0
-0.155,-1.03,0
0.949,0.422,0
-0.495,1.31,0
0.66,0.835,0
-1.23,0.89,0
-0.496,-1.09,0
0.117,-1.07,0
1.18,1.49,0
0.605,1.28,0
-0.506,-1.09,0
-0.203,1.26,0
1.15,0.824,0
-0.0536,1.6,0
0.229,1.63,0
0.405,1.93,0
1.22,-0.345,0
-0.607,-0.894,0
0.451,-1.23,0
-0.226,-1.45,0
-0.995,-0.832,0
-0.424,2.01,0
-1.19,0.814,0
0.0647,-1.22,0
-0.508,-1.7,0
1.49,-0.00779,0
-0.236,-1.54,0
0.487,1.33,0
-0.737,-0.617,0
1.18,0.766,0
0.301,-1.17,0
-1.25,0.857,0
-0.00816,-1.38,0
-1.03,-1.09,0
0.137,-0.862,0
1.24,0.554,0
-1.33,0.878,0
-0.486,-0.887,0
0.0379,-1.64,0
-0.212,-1.18,0
-0.0656,1.24,0
1.09,0.299,0
0.639,-0.815,0
0.262,-1.16,0
-0.777,1.22,0
0.484,1.04,0
0.778,0.952,0
0.736,1.64,0
0.719,0.759,0
0.515,2.21,0
-0.0874,-0.948,0
0.552,1.04,0
-1.2,1.43,0
-0.881,-1.59,0
0.541,1.41,0
-0.0537,-1.52,0
-1.2,0.659,0
0.183,-1.16,0
1.05,0.453,0
-0.544,-0.773,0
-1.19,0.309,0
-0.184,-1.4,0
-0.575,-1.62,0
-0.746,-0.93,0
-0.973,0.712,0
1.59,-0.111,0
0.144,1.56,0
-0.434,1.98,0
-0.617,-0.792,0
0.708,0.961,0
-0.38,-1.34,0
0.388,1.72,0
0.827,0.755,0
1.4,0.746,0
-1.31,0.916,0
1.81,-0.551,0
1.78,0.272,0
-1.8,0.676,0
-1.47,0.96,0
-0.121,-1.05,0
-1.36,0.887,0
-1.19,-0.976,0
1.22,0.325,0
-0.668,0.919,0
-0.615,-1.36,0
-0.256,1.52,0
0.246,-0.767,0
-0.322,-1.12,0
0.255,0.412,0
-0.489,-1.13,0
0.646,1.23,0
0.745,0.681,0
0.187,-1.02,0
1.24,0.441,0
-1.52,0.934,0
1.67,-0.978,0
-1.62,0.213,0
-1.49,0.738,0
-0.226,-1.06,0
0.44,-0.936,0
1.64,0.0477,0
1.05,0.444,0
-1.16,0.41,0
-0.951,0.533,0
-0.514,-1.07,0
0.387,-0.798,0
1.64,-0.152,0
1.28,0.691,0
0.409,-1.15,0
-0.298,-1.16,0
0.23,-1.15,0
1.7,-0.0336,0
0.344,0.908,0
-0.843,-1.14,0
0.427,1.99,0
0.933,0.711,0
-0.0275,-1.42,0
0.0337,-1.13,0
-0.0198,-1.22,0
-0.304,1.5,0
-1.55,0.378,0
1.22,0.561,0
-0.391,1.1,0
0.604,0.374,0
-0.811,-1.21,0
-2.09,0.604,0
-0.924,1.45,0
0.329,0.606,0
1.21,0.151,0
0.354,1.06,0
-0.451,1.72,0
-0.687,-1.29,0
1.37,0.625,0
-1.74,0.975,0
-0.139,-1.27,0
1.79,-0.459,0
-0.505,1.17,0
-0.612,-1.42,0
0.308,0.933,0
0.0524,-0.853,0
-1.7,0.869,0
-0.369,-0.984,0
1.4,0.43,0
0.811,2,0
-0.0693,-1.3,0
-1.33,1.08,0
-0.0743,-1.38,0
0.832,1.33,0
-0.0247,-0.765,0
-0.66,0.965,0
0.21,2.18,0
1.33,0.406,0
-0.634,1.65,0
0.0325,-1.46,0
1.2,0.318,0
0.834,0.925,0
-0.539,-1.21,0
-0.891,0.593,0
-0.567,-1.7,0
-0.784,-1.05,0
0.439,1.5,0
0.822,0.501,0
0.134,-1.18,0
-0.519,-0.799,0
0.999,0.811,0
1.29,0.337,0
0.663,1.7,0
-0.0554,-1.28,0
0.0722,1.8,0
1.16,0.703,0
-0.47,-1.12,0
-0.292,-1.32,0
-0.847,-0.871,0
0.8,0.662,0
0.0886,-0.844,0
0.517,1.46,0
1.23,-0.00847,0
-0.058,-0.904,0
-0.132,-1.37,0
-1.64,0.572,0
-0.396,1.21,0
-0.672,-0.601,0
-1.62,0.468,0
-0.808,-1.5,0
-0.037,-1.35,0
-0.832,-1.33,0
-0.598,1.22,0
-0.446,-1.53,0
0.136,-1.36,0
0.308,-1.34,0
0.383,-0.987,0
0.606,-0.877,0
-0.512,-0.954,0
0.143,-1.56,0
0.595,1.02,0
-0.0957,-1.06,0
0.385,-0.744,0
-0.617,1.61,0
1.05,0.701,0
-0.3,-1.04,0
1.27,0.433,0
0.129,-0.889,0
0.418,-1.12,0
-0.949,1,0
0.368,-0.856,0
1.72,-0.471,0
-0.829,1.06,0
-0.664,1.18,0
0.916,1.63,0
1.1,0.131,0
-0.511,1.53,0
-1.57,0.942,0
-1.82,0.474,0
0.125,2.16,0
0.725,1.33,0
-1.18,0.692,0
1.81,-0.0547,0
0.834,1.24,0
-0.0699,-1.2,0
1.25,0.794,0
-0.801,1.78,0
-1.55,0.386,0
-1.07,0.963,0
-0.132,0.954,0
-0.267,1.37,0
1.12,0.375,0
-0.861,-0.972,0
1.16,0.0489,0
1.87,-1.16,0
0.424,0.471,0
1.54,-0.749,0
-0.278,-1.32,0
0.0544,-1.59,0
0.134,-0.922,0
-0.711,-1.13,0
-0.98,-1.49,0
-1.2,-1.19,0
0.207,-1.38,0
0.0949,-1.56,0
-0.102,-1.31,0
-0.484,-1.2,0
-0.714,-1.36,0
0.753,1.84,0
1.5,0.637,0
1.25,-0.202,0
-0.721,1.19,0
-0.0866,-1.37,0
-0.388,-1.08,0
0.0662,1.62,0
0.0319,1.39,0
1.06,0.443,0
-1.04,-1.42,0
-1.53,0.501,0
-0.779,-1.2,0
-0.268,-1.26,0
-0.239,-1.42,0
1.14,0.866,0
1.63,0.475,0
1.61,-0.387,0
0.866,1.14,0
-0.96,1.34,0
-0.459,-1.11,0
-0.917,-0.863,0
0.814,0.817,0
-0.187,-1.38,0
0.299,1.52,0
0.0209,-0.973,0
-0.152,-1.11,0
1.04,0.285,0
-0.652,-1.1,0
0.739,2.14,0
0.812,0.708,0
0.617,1.11,0
1.47,-0.0578,0
0.42,1.1,0
0.899,0.538,0
1.11,-0.0628,0
-1.62,1.02,0
0.874,1.79,0
-0.076,-1.12,0
-1.9,0.856,0
1.96,-0.709,0
0.682,1.5,0
1.17,0.446,0
1.21,0.752,0
1.86,-0.36,0
0.185,0.617,0
0.226,-1.38,0
-0.783,0.931,0
1.06,0.842,0
-0.441,-1.45,0
-0.969,1.02,0
-1.34,0.805,0
-1.13,0.6,0
-0.334,1.63,0
0.678,0.335,0
0.527,-1.13,0
-0.125,-1.48,0
-0.0696,-0.896,0
0.282,-1.43,0
0.126,0.819,0
-0.389,-1.2,0
-0.116,-1.36,0
-0.21,1.35,0
2.44,-0.448,0
-0.974,1.05,0
0.84,1.42,0
1.1,0.604,0
1.32,-0.144,0
0.444,1.14,0
0.851,0.95,0
-0.633,-1.18,0
1.23,0.458,0
-0.135,-1.12,0
1.29,0.23,0
-0.52,1.35,0
1.46,0.651,0
1.77,0.109,0
0.804,0.6,0
-0.307,0.938,0
-0.0868,-1.33,0
1.27,-0.194,0
0.953,0.719,0
-1.14,1.08,0
-0.714,-1.65,0
0.713,0.948,0
0.746,0.441,0
-0.287,-1.07,0
-0.0931,1.52,0
0.836,0.849,0
-0.817,-0.783,0
0.915,0.611,0
0.313,-1.07,0
-2.98,-0.16,0
-0.446,-0.861,0
-0.227,-1.19,0
0.379,1.36,0
0.448,0.71,0
1.02,0.508,0
-0.0939,1.68,0
-1.49,0.415,0
-1.08,-1.39,0
-1.24,0.788,0
-0.695,-0.736,0
-0.311,-1.07,0
0.0114,-1.46,0
1.52,0.315,0
0.0786,1.63,0
-0.74,-1.53,0
-0.329,-0.955,0
-1.15,0.771,0
-0.811,-1.35,0
1.07,0.61,0
1.29,0.525,0
-0.434,2.24,0
-0.109,-1.07,0
-0.729,1.37,0
-1.21,1,0
-1.67,0.809,0
1.45,-0.188,0
-0.108,-1.3,0
0.143,0.845,0
0.799,0.995,0
-0.847,-0.896,0
-0.603,1.3,0
-0.583,-0.743,0
-0.071,1.63,0
0.569,-0.858,0
-0.944,1.02,0
1.21,0.306,0
-1.08,-1.3,0
-1.01,1.21,0
0.157,0.956,0
-0.228,-1.06,0
1.2,0.286,0
-0.917,-1.08,0
0.286,1.23,0
0.624,-1.31,0
-0.279,-1.06,0
-1.18,0.732,0
1.27,0.493,0
1.11,0.428,0
-0.552,-1.18,0
-0.275,-1.6,0
-1.54,0.685,0
-0.00835,1.76,0
-0.224,-1.02,0
-0.268,-1.52,0
-0.729,1.5,0
1.18,0.913,0
1.22,0.247,0
-0.912,1.34,0
-0.111,-1.33,0
-0.337,1.48,0
-0.634,-0.969,0
-0.0776,-1.35,0
-0.631,-0.914,0
-0.0476,-1.24,0
0.0273,-0.683,0
0.163,-1.31,0
-1.12,-1.2,0
-0.437,-0.789,0
0.612,1.37,0
1.3,0.196,0
0.527,-1.02,0
1.2,-0.213,0
-0.177,-1.12,0
-0.579,0.79,0
-0.0656,-1.57,0
1.18,0.204,0
1.13,-0.0116,0
1.12,0.612,0
-0.568,-1.36,0
0.271,-1.28,0
0.301,-0.928,0
0.803,1.35,0
-0.254,-1.37,0
0.675,0.667,0
-0.58,1.34,0
-1.19,-1.03,0
0.0624,-1.05,0
0.543,0.913,0
0.306,-1.13,0
-1.18,1.17,0
1,-0.0897,0
1.56,-0.177,0
1.14,0.494,0
0.304,1.61,0
0.118,-1.37,0
0.189,1.35,0
-0.372,-1.38,0
-0.647,-1.22,0
-0.762,-1.11,0
0.378,0.987,0
1.07,0.399,0
-0.835,-1.04,0
0.296,1.51,0
0.341,-1.32,0
1.32,0.0928,0
1.09,0.812,0
-0.443,1.02,0
-0.52,-1.17,0
0.557,1.38,0
0.0726,-1.31,0
-0.218,-0.882,0
-1.41,1.09,0
0.651,-1.08,0
0.0698,-1.25,0
-0.362,-1.7,0
-0.999,1.2,0
-0.298,-1.26,0
-1.75,0.722,0
-1.21,-0.934,0
-0.381,-0.959,0
-0.49,1.25,0
1.02,0.0975,0
0.856,0.669,0
1.35,0.644,0
1.4,0.377,0
0.299,1.56,0
-0.0189,-1.28,0
0.488,1.31,0
0.191,1.72,0
0.13,1.41,0
0.196,1.76,0
-0.528,-1.23,0
-0.165,-0.697,0
-0.35,2.07,0
-0.356,-1.16,0
-1.14,1.16,0
0.707,0.948,0
1.58,-0.468,0
-0.897,-1.04,0
0.647,0.317,0
-0.342,-1.31,0
0.129,1.52,0
0.00865,-0.918,0
0.326,1.45,0
-0.52,-1.52,0
0.675,-1.53,0
0.677,0.964,0
-0.631,-0.867,0
1.38,0.698,0
-0.377,-0.973,0
1.44,0.898,0
-0.462,-0.707,0
0.263,-1.48,0
0.174,-1.11,0
0.301,2.01,0
0.0745,1.78,0
-0.303,-0.883,0
-0.0172,-1.03,0
0.372,-0.809,0
0.924,0.861,0
-0.93,-0.895,0
0.0991,-1.05,0
1.65,0.0404,0
1.68,-0.472,0
-0.817,-1.19,0
-0.501,-1.43,0
-0.491,-1.55,0
0.762,0.344,0
-0.8,1.66,0
1.35,-0.25,0
-0.456,1.55,0
-0.56,-1.12,0
0.357,-1.07,0
1.39,0.504,0
0.786,0.859,0
0.414,1.16,0
-0.244,-1.2,0
0.168,-1.06,0
-0.0791,-1.38,0
-0.598,-1.35,0
0.0291,-1.12,0
-0.948,-0.982,0
0.00273,-0.973,0
0.646,0.778,0
-1.12,1.1,0
-1.15,0.587,0
0.904,0.195,0
0.485,0.635,0
-0.951,1.39,0
0.883,0.598,0
0.38,-1.35,0
1.62,-0.131,0
1.88,-0.368,0
0.35,0.889,0
-0.756,-0.943,0
-0.833,-0.569,0
0.295,-1.36,0
-0.142,1.65,0
0.441,-1.13,0
-0.724,-1.26,0
-0.132,-1.35,0
1.31,0.628,0
-0.76,-1.26,0
0.709,0.872,0
0.432,0.749,0
-1.82,0.904,0
1.52,-0.0653,0
-0.744,-1.39,0
1.46,0.0665,0
0.165,-1.58,0
-0.956,-1.61,0
0.17,-0.719,0
-0.314,-0.984,0
-1.46,0.657,0
-1.13,1.01,0
-0.181,-1.1,0
-0.63,0.949,0
0.867,0.81,0
1.05,0.219,0
-0.754,1.19,0
-0.634,1.26,0
0.388,0.863,0
-0.572,1.16,0
0.758,-1.45,0
0.514,1.27,0
-1.02,-1.01,0
-0.654,-1.02,0
-0.431,1.21,0
1.43,0.147,0
1.93,0.165,0
-1.06,1.49,0
-0.942,-1.15,0
0.971,0.64,0
0.598,0.855,0
0.701,0.564,0
0.942,0.248,0
0.722,0.153,0
1.43,0.498,0
-0.706,-0.697,0
0.498,-1.02,0
-0.511,1.5,0
1.03,-0.209,0
0.739,0.673,0
-1.59,0.176,0
-0.648,-0.631,0
0.544,1.22,0
0.0909,-1.39,0
1.64,-0.605,0
-0.1,-1.05,0
-0.0936,-1.28,0
-0.119,-0.842,0
1.2,0.298,0
-1.53,0.795,0
0.409,1.76,0
-0.335,-0.81,0
-1.03,1.31,0
-1.04,1.27,0
1.57,-0.114,0
-1.46,1.11,0
1.11,0.431,0
1.23,2.19,0
0.226,-1.02,0
0.0343,-1.18,0
-1.43,0.245,0
-0.862,1.53,0
-0.38,-1.27,0
0.34,-1.34,0
0.303,-0.94,0
-0.0686,1.72,0
-1.04,0.621,0
0.673,2.52,0
1.27,-0.519,0
-1.04,0.937,0
-1.19,1.23,0
1,0.254,0
-0.877,-1.08,0
0.273,-1.45,0
-1.66,0.75,0
-0.0508,-1.19,0
1.45,-0.507,0
0.996,0.225,0
1.14,0.814,0
0.948,1.41,0
0.666,-1.52,0
-0.665,-1.04,0
-0.471,-0.919,0
-0.269,1.6,0
0.0965,-1.1,0
0.907,0.191,0
0.0428,-1.04,0
-1.1,-1.17,0
-0.685,0.989,0
-1.31,0.463,0
1.1,0.508,0
-0.642,-1.35,0
0.42,2.1,0
-0.457,-0.983,0
-0.796,-1.63,0
-0.123,-1.07,0
2.59,-1.15,0
-1.58,0.807,0
-0.138,-1.37,0
-0.137,-1.16,0
-0.734,-1.09,0
-0.697,-1.69,0
-0.016,-1.26,0
-0.262,-1.2,0
-0.936,1.81,0
-0.0113,-0.78,0
-1.16,0.381,0
-0.329,-0.858,0
0.0386,-1.26,0
-0.116,-1.23,0
-0.943,-1.26,0
-0.672,1.35,0
-0.16,-1.36,0
-0.182,-1.54,0
0.437,2.35,0
-1.7,-0.087,0
0.65,1.86,0
-0.418,-1.26,0
0.548,-0.959,0
-1.41,1.11,0
-0.116,1.26,0
-0.129,-1.69,0
1.33,0.825,0
-0.86,-1.27,0
-1.06,-0.937,0
0.486,0.991,0
-0.495,-1.2,0
-0.538,-1.15,0
-1.24,1.14,0
-0.22,-1.38,0
-0.49,-1.45,0
-0.562,-0.873,0
0.253,-1.3,0
-0.547,-1.31,0
-2,0.403,0
1.64,-0.308,0
1.24,0.79,0
-1.09,1.39,0
-0.795,1.17,0
0.373,-1.17,0
1.32,0.376,0
0.386,1.55,0
-0.211,-0.637,0
1.38,0.877,0
0.101,-1.39,0
-0.0657,-1.19,0
0.284,2.37,0
-0.338,-0.91,0
-1.34,0.54,0
0.29,0.591,0
1.54,-0.193,0
-0.978,0.931,0
0.547,1.15,0
1.36,-0.425,0
1.21,1.28,0
0.838,0.603,0
1.08,-0.000817,0
-1.49,0.796,0
-0.0337,-1.36,0
-0.254,-1.27,0
0.178,-1.24,0
0.678,0.961,0
-1.42,0.624,0
-0.189,-1.24,0
0.603,-1,0
1.53,0.228,0
0.472,1.37,0
-1.63,0.524,0
1.29,0.488,0
-0.89,-1.17,0
0.39,1.27,0
0.604,1.03,0
1.41,0.258,0
-1.08,0.72,0
-0.0906,2.01,0
-1.97,0.611,0
1.39,-0.376,0
0.763,1.15,0
-1.1,0.811,0
0.858,0.399,0
0.032,-1.5,0
-0.0339,-1.66,0
-1.02,-1.19,0
-0.153,-1.15,0
1.31,0.151,0
0.914,0.26,0
0.121,1.72,0
1.36,-0.412,0
-0.516,-0.915,0
-0.411,-1.41,0
-0.509,-1.41,0
0.595,0.677,0
-1.42,-1.4,0
0.707,1.37,0
-0.135,-1.1,0
-0.636,1.35,0
-1.1,1.16,0
-0.0373,-1.32,0
0.98,0.766,0
-0.876,-1,0
-0.59,-1.23,0
0.443,1.54,0
-0.215,-1.01,0
1.33,-0.704,0
1.38,-0.244,0
0.781,0.415,0
-0.523,-1.31,0
1.68,-0.293,0
1.25,-0.35,0
1.62,-0.919,0
-0.954,-1.19,0
-0.699,0.755,0
-0.372,1.54,0
1.5,-0.0608,0
0.69,0.745,0
0.411,1.47,0
-0.0264,-0.952,0
-0.736,-1.14,0
1.59,-0.522,0
0.912,2.1,0
0.126,-1.08,0
-0.926,0.694,0
0.851,0.598,0
-0.776,-1.26,0
1.03,1.61,0
1.17,1.28,0
0.00453,1.47,0
-0.0202,-1.26,0
-0.587,1.01,0
1.1,0.253,0
-0.335,-1.69,0
0.786,0.945,0
-0.852,1.32,0
1.23,-0.0874,0
-1.08,1.19,0
0.143,1.05,0
0.613,1.35,0
-0.394,1.6,0
0.521,-1.04,0
0.0598,-1.26,0
-0.416,-0.941,0
0.838,1.5,0
0.614,0.908,0
-0.43,-0.722,0
0.48,-1.15,0
0.931,0.783,0
0.465,0.842,0
-0.613,1.1,0
0.934,0.32,0
1.06,-0.232,0
1.24,0.31,0
-0.858,-1.2,0
0.318,1.4,0
1.34,-0.0272,0
0.021,-0.905,0
1.27,0.496,0
-0.411,-1.3,0
-0.928,1.55,0
-0.819,-1.21,0
1.29,-0.151,0
0.822,0.192,0
0.0963,-1.38,0
0.88,0.275,0
0.12,-1.12,0
-0.488,-1.31,0
0.188,0.914,0
0.517,-0.931,0
0.254,2.42,0
1.42,-0.146,0
-0.511,-0.734,0
0.016,-1.13,0
-0.203,-1.08,0
0.178,1.49,0
0.102,-1.03,0
-1.29,0.511,0
-0.66,1.41,0
-0.223,1.04,0
1.45,0.273,0
-0.501,1.1,0
-1.04,0.679,0
0.0399,-1.28,0
-1.06,0.817,0
-0.568,-0.873,0
-0.566,-1.33,0
-0.0979,-1.01,0
-0.274,-0.99,0
1.3,1.04,0
1.05,0.397,0
0.495,1.54,0
-1.07,1.3,0
1.85,-0.558,0
-0.967,0.592,0
-1.06,-0.881,0
1.47,-0.531,0
0.0483,0.866,0
0.0526,-1.31,0
0.334,1.04,0
1.7,-0.489,0
-0.278,-1.09,0
0.802,0.852,0
-0.594,1.24,0
1.26,-0.25,0
-0.436,1.45,0
1.18,-0.0335,0
-0.545,-1.31,0
-1.04,1.13,0
0.594,1.8,0
0.794,0.762,0
0.379,1.74,0
1.08,0.839,0
0.134,-1.06,0
1.61,0.582,0
-0.0128,-1.27,0
-0.702,-0.811,0
0.0328,1.22,0
0.973,0.457,0
-0.201,1.35,0
0.0394,-1.35,0
0.517,1.71,0
0.204,-1.06,0
1.28,-0.236,0
-0.0297,-1.58,0
-0.405,-1.25,0
0.299,-0.819,0
-1.7,0.422,0
-0.767,-1.3,0
-0.724,-0.973,0
0.163,-1.08,0
0.627,0.125,0
-0.432,1.13,0
-0.0583,-1.15,0
0.22,2.08,0
-0.715,-1.49,0
0.57,1.42,0
-0.56,-1.41,0
0.289,1.01,0
0.985,0.114,0
0.56,-1.05,0
-0.00621,1.56,0
1.77,0.239,0
0.823,-1.21,0
-0.347,-1.13,0
0.995,0.502,0
0.0545,-1.32,0
0.823,1.04,0
1.66,0.239,0
0.087,-1.28,0
1.19,0.594,0
1.19,0.115,0
-0.0169,-0.939,0
1.31,0.328,0
-0.271,1.59,0
1.07,-0.0433,0
-0.9,1.49,0
-1.16,-1.01,0
0.922,0.93,0
0.526,1.48,0
0.624,0.621,0
0.611,0.649,0
1.45,0.398,0
-0.72,-1.39,0
-1.3,0.577,0
-0.504,1.03,0
-0.536,1.13,0
-0.614,-1.22,0
-0.375,1.36,0
1.29,0.0437,0
-2.04,0.401,0
0.72,0.677,0
-0.747,-0.72,0
-0.929,-1.39,0
1.44,0.0946,0
-0.23,1.08,0
-1.08,0.89,0
-0.237,-1.4,0
-0.259,1.52,0
0.0489,-1.36,0
1.54,-0.336,0
-0.389,-1.32,0
0.298,-0.878,0
-0.516,1.46,0
-0.531,-1.27,0
-0.473,-0.749,0
0.77,1.4,0
-1.08,0.989,0
-0.705,-0.93,0
-1.41,1.14,0
-0.78,-1.37,0
1.18,0.597,0
-1.93,0.603,0
0.816,0.762,0
-0.583,-1.35,0
0.962,0.851,0
-0.236,-1.17,0
0.745,0.877,0
-0.687,1.01,0
-0.826,-1.67,0
1.8,-1,0
1.21,0.00827,0
1.45,0.169,0
-0.124,-1.12,0
0.847,1.4,0
0.904,1.15,0
-0.474,-0.911,0
-0.599,-0.965,0
-0.0674,1.85,0
1.64,0.174,0
1.18,0.334,0
-0.0611,-1.4,0
0.0744,1.04,0
-0.302,-1.22,0
0.711,0.787,0
-0.866,0.751,0
0.536,0.921,0
1.79,-0.834,0
-0.639,1.25,0
1.31,-0.238,0
-0.177,-1.45,0
0.0169,-1.22,0
-0.888,-1.59,0
1.04,0.952,0
0.981,-0.0572,0
-1.32,0.995,0
1.08,0.0163,0
-1.04,-1.08,0
-0.401,-1.17,0
1.47,0.574,0
0.781,1.08,0
-1.59,0.138,0
0.934,0.358,0
1.88,-0.289,0
0.724,0.706,0
0.746,0.991,0
-0.451,-1.34,0
0.923,0.246,0
-0.716,-1.19,0
1.62,-0.0187,0
0.445,-1.38,0
0.69,1.57,0
-1.69,0.614,0
0.15,1.3,0
0.159,1.51,0
-2.11,0.193,0
-0.69,-1.33,0
0.726,0.289,0
1.12,1.01,0
-0.914,-0.919,0
0.0692,-0.828,0
1.26,0.305,0
-0.0207,-1.14,0
0.515,0.884,0
0.388,1.64,0
1.31,1.07,0
1.05,0.409,0
0.955,-0.0158,0
-1.14,0.488,0
-0.783,-1.33,0
-0.0418,-1.02,0
1.98,0.417,0
0.0545,2,0
-0.415,-1.3,0
-0.509,0.912,0
0.824,0.45,0
0.132,-1.49,0
0.56,-1.02,0
1.06,0.913,0
0.534,2.15,0
-0.644,-0.78,0
0.24,-1.14,0
-1.38,0.678,0
-1.66,0.835,0
-0.891,1,0
-0.715,-0.969,0
-0.157,1.84,0
0.826,0.744,0
-0.56,1.06,0
1.34,0.0998,0
-1.08,1.31,0
-0.838,-1.17,0
0.91,0.665,0
1.8,0.757,0
0.425,-1.21,0
-0.188,-1.27,0
-0.245,-1.18,0
1.18,-0.0513,0
1.19,0.697,0
-1.4,0.553,0
0.477,0.791,0
0.125,-1.24,0
-0.693,0.953,0
-0.518,-0.914,0
0.26,1.91,0
1.22,0.834,0
-0.19,-1.42,0
1.11,0.685,0
-0.0187,-1.55,0
0.132,2,0
0.405,-1.2,0
1.71,-0.424,0
0.243,1.61,0
-0.62,-0.984,0
0.639,1.2,0
-1.51,0.481,0
-0.153,-1.22,0
0.0681,-0.76,0
-1.53,0.257,0
0.284,1.86,0
0.387,1.71,0
-0.711,0.96,0
-0.958,0.812,0
0.672,2.03,0
0.722,0.368,0
0.0735,-1.01,0
1.12,0.626,0
0.843,0.634,0
-0.222,2.47,0
1.3,0.186,0
0.975,0.809,0
-0.0779,-0.967,0
-1.07,0.707,0
-0.503,1.35,0
-0.565,-0.853,0
0.55,0.857,0
0.3,-1.18,0
-0.314,-0.919,0
0.68,0.739,0
-0.0388,-0.984,0
1.44,-0.0447,0
1.41,0.83,0
0.83,0.692,0
0.0941,1.44,0
-0.567,-1.14,0
-0.804,0.687,0
-0.0958,-1.66,0
-0.0454,1.75,0
-0.638,1.32,0
0.897,0.294,0
1.71,0.569,0
0.919,0.798,0
1.18,0.585,0
-0.828,-0.82,0
-0.146,-0.869,0
-0.11,-0.911,0
-0.136,-1.41,0
-1.21,1.27,0
-0.722,1.19,0
-1.13,0.928,0
-0.574,1.32,0
-0.761,-1.44,0
1.08,0.683,0
-1.53,-1.01,1
0.327,0.17,1
1.35,-1.23,1
-0.522,0.877,1
-1.54,-0.641,1
1.16,0.151,1
-0.17,-0.346,1
-0.879,0.499,1
2.37,1.14,1
-1.42,0.592,1
0.612,1.8,1
1.25,-0.146,1
0.93,-0.375,1
-0.102,1.57,1
-0.918,-0.578,1
1.01,1.53,1
-0.0443,-0.335,1
-0.957,0.039,1
-0.216,-0.353,1
-1.33,-0.861,1
-1.87,-1.32,1
0.257,0.154,1
0.29,-0.481,1
-1.54,0.516,1
0.209,0.755,1
-1.66,-0.56,1
-1.1,0.641,1
-0.016,-0.448,1
-1.56,-1.1,1
-1.31,-0.354,1
-0.208,-0.646,1
-0.622,0.804,1
2.29,1.22,1
0.309,-0.689,1
-1.37,-0.177,1
-0.988,-0.191,1
-0.0273,0.739,1
-1.89,-1.7,1
-1.61,-0.451,1
-1.81,-0.488,1
1.08,-0.996,1
0.445,0.135,1
0.369,0.428,1
-0.139,0.132,1
-0.987,-0.863,1
0.434,-0.189,1
-1.57,-1.47,1
0.659,-0.985,1
-1.42,-0.327,1
1.82,1.43,1
-0.487,-0.536,1
0.235,1.48,1
-1.44,-0.0746,1
-0.163,-0.398,1
-0.18,0.595,1
-1.29,-0.754,1
-1.45,-1.25,1
1.02,-0.728,1
-1.78,-0.687,1
-0.966,-0.628,1
1.12,-0.659,1
0.0235,-0.18,1
-1.17,0.156,1
-0.105,-0.442,1
-0.256,-0.115,1
0.617,-0.0096,1
2.29,1.32,1
0.501,0.0553,1
0.141,0.0947,1
0.0436,0.0126,1
-1.84,-1.64,1
-1.22,-0.119,1
0.773,-0.747,1
-1.93,-0.92,1
-1.69,-1.27,1
0.00168,0.262,1
0.878,-1.38,1
-1.11,-0.821,1
2.41,1.26,1
-1.56,-0.172,1
0.000519,0.282,1
-1.88,-0.979,1
-0.895,-1.07,1
0.235,0.772,1
0.735,1.63,1
0.0737,0.124,1
-0.2,1.74,1
0.382,0.175,1
-1.57,-0.205,1
0.774,-1.22,1
1.21,-1.24,1
0.397,0.513,1
1.07,-1.38,1
-1.37,-0.205,1
-0.33,0.0829,1
-0.882,-0.582,1
1.16,-0.768,1
-0.757,0.298,1
-0.377,-0.617,1
1.15,-1.14,1
-0.501,0.0787,1
-1.81,-0.994,1
-0.748,-0.034,1
0.627,-0.0629,1
2.35,1.14,1
0.233,-0.275,1
-0.781,-0.113,1
-0.327,0.612,1
-1.25,-0.656,1
1.99,1.18,1
2.2,1.26,1
0.276,0.397,1
1.98,1.27,1
-0.279,-0.0928,1
-0.318,0.317,1
-1.32,-0.088,1
1.46,-0.91,1
-2,-1.72,1
-1.43,-1.02,1
0.739,0.139,1
0.369,0.49,1
-1.64,-1.8,1
-1.31,-0.498,1
-1.59,-1.36,1
-0.724,0.215,1
1.33,1.43,1
-0.91,-0.607,1
-0.914,0.425,1
-1.46,-0.298,1
-0.328,0.232,1
0.941,-0.789,1
0.874,-0.769,1
-0.521,0.726,1
-0.76,-0.698,1
-2.25,-1.96,1
-0.749,0.0101,1
1.01,-0.984,1
0.544,1.63,1
-0.213,0.259,1
0.112,0.0285,1
1.56,-0.367,1
0.0968,-0.225,1
-0.391,0.181,1
0.298,0.509,1
0.557,-1.04,1
0.412,-0.124,1
-1.55,-1.47,1
1.9,1.27,1
0.838,-0.115,1
0.854,-0.537,1
-0.00294,0.513,1
-1.53,-1.21,1
0.352,0.333,1
1.54,1.75,1
-1.87,-0.555,1
-0.282,1.78,1
0.428,-0.494,1
-1.21,-0.409,1
-1.31,0.175,1
-0.753,-0.321,1
-1.15,-0.0498,1
1.6,-1.36,1
-0.902,-0.36,1
-0.66,-0.0708,1
2.57,0.989,1
-1.13,-0.0634,1
-1.01,-0.397,1
1.43,-1.21,1
-0.103,-0.414,1
1.44,-1.7,1
-2.02,-0.792,1
0.824,0.587,1
-1.34,-0.419,1
0.566,0.0815,1
0.578,-0.622,1
0.753,1.89,1
-0.184,-0.0314,1
0.56,1.7,1
-0.613,0.775,1
0.819,0.0462,1
-1.61,-1.13,1
1.06,-0.0531,1
0.764,-0.804,1
-1.76,-1.17,1
-0.234,-0.656,1
-1.45,-1.29,1
0.234,-0.822,1
-1.84,-0.865,1
-1.63,-1.32,1
-0.551,0.288,1
0.0224,1.43,1
-0.693,-0.113,1
-1.18,0.0302,1
1.31,-1.4,1
1.06,-0.0553,1
-0.904,-0.203,1
0.661,-0.199,1
0.896,-1.27,1
-1.54,-0.618,1
1.29,-0.657,1
-1.67,-1.5,1
-1.36,-0.848,1
0.722,-0.975,1
1.02,-0.625,1
1.26,-0.181,1
0.933,-0.277,1
-0.815,-0.682,1
-1.51,-0.769,1
1.2,-1.65,1
-1.06,-0.549,1
0.527,0.51,1
1.15,-0.451,1
-0.171,0.0105,1
-0.138,-0.0524,1
0.0574,-0.134,1
-1.73,-0.242,1
0.631,-0.674,1
-0.973,-0.047,1
-0.4,0.00463,1
-1.14,-1.27,1
0.43,-0.654,1
0.698,-0.655,1
-1.22,-0.0961,1
-0.253,-0.406,1
-1.13,-0.443,1
1.64,1.46,1
1.48,1.78,1
-1.61,-0.363,1
-1.52,-1.23,1
-0.653,0.433,1
2.48,1.21,1
0.842,-0.372,1
-0.291,0.561,1
-1.02,-0.224,1
0.45,-0.104,1
-1.88,-0.454,1
-0.582,-0.752,1
-1.49,-0.00325,1
0.406,-0.707,1
1.15,0.0436,1
-1.13,0.411,1
-0.872,0.26,1
-0.415,0.256,1
0.801,-0.639,1
0.762,0.125,1
0.524,-0.231,1
-1.47,-0.0358,1
-0.851,0.189,1
-0.776,0.127,1
-0.674,-0.62,1
0.244,-0.69,1
-0.974,0.511,1
-1.98,-0.88,1
0.308,0.117,1
-0.954,0.687,1
0.768,-0.966,1
1.64,1.12,1
-1.7,-0.554,1
0.404,0.00999,1
0.704,-0.906,1
0.335,1.39,1
-1.7,-0.569,1
2.64,1.14,1
-0.255,-0.142,1
